id,syndrome_name,gene_or_locus,inheritance_pattern,defining_genetic_criterion,defining_phenotypic_features,typical_age_of_recognition,target_phenotype_routing,autism_prevalence_in_syndrome,intervention_contraindications,specialist_referral_recommended,primary_pmid,countervailing_evidence_pmids,evidence_balance,status,created_at,notes
RSG-0001,Fragile X syndrome (FXS),FMR1,X-linked,FMR1 CGG repeat ≥200 (full mutation); 55-200 = premutation also flagged,"long face, large prominent ears, macroorchidism postpuberty, intellectual disability, autism features in ~50%",toddler to early childhood,PHE-0006,~50% of FXS males meet autism criteria,avoid stimulants paradoxical worsening common,medical geneticist + developmental pediatrician + FXS specialty clinic,1710175,,1,active,2026-04-30,Verkerk 1991 Cell — original FMR1 gene identification with CGG repeat. PHE-0006 directly maps.
RSG-0002,Rett syndrome,MECP2,X-linked dominant (typically de novo; lethal in most males),MECP2 pathogenic variant (predominantly female; rare male phenotypes),"female with normal early development then regression at 6-18mo, hand stereotypies, gait apraxia, autism-spectrum features, microcephaly acquired, breathing irregularities",6-30 months at regression,rett_specific,distinct from idiopathic autism but often initially diagnosed as autism before Rett features emerge,serotonergic medications often poorly tolerated; mainstream behavioral interventions less effective than Rett-specific approaches,"Rett specialty clinic (e.g., Rett Syndrome Research Trust network) + neurology + medical geneticist",10508514,,1,active,2026-04-30,Amir 1999 Nat Genet — original MECP2 → Rett identification. Distinct trajectory from idiopathic autism.
RSG-0003,Tuberous Sclerosis Complex (TSC) — TSC2 form,TSC2 16p13.3,autosomal_dominant (often de novo),pathogenic variant in TSC2,"hypopigmented macules ash-leaf spots, facial angiofibroma, cortical tubers on imaging, cardiac rhabdomyomas, infantile spasms, epilepsy ~80%, autism ~40-50%, intellectual disability ~50%",infancy via cardiac rhabdomyoma fetal/neonatal or skin features,PHE-0005,~40-50% of TSC have autism features,standard mTOR inhibitors (rapamycin/sirolimus) FDA-approved for TSC manifestations — DO consider,TSC specialty clinic + neurology + dermatology + cardiology + medical geneticist,8269512,,1,active,2026-04-30,European Chromosome 16 Tuberous Sclerosis Consortium 1993 Cell — original TSC2 gene identification. PHE-0005 mTOR-pathway syndromic phenotype.
RSG-0004,Tuberous Sclerosis Complex (TSC) — TSC1 form,TSC1 9q34,autosomal_dominant (often de novo),pathogenic variant in TSC1,"similar to TSC2 but often milder; cortical tubers, skin features, epilepsy and autism prevalence somewhat lower than TSC2",infancy to early childhood,PHE-0005,~30-40% of TSC1 cases (lower than TSC2),mTOR inhibitors as for TSC2,TSC specialty clinic,9242607,,1,active,2026-04-30,van Slegtenhorst 1997 Science — TSC1 gene identification at chromosome 9q34. Distinct allelic form of TSC; somewhat milder phenotype than TSC2.
RSG-0005,PTEN hamartoma tumor syndrome (PHTS) with autism + macrocephaly,PTEN 10q23.31,autosomal_dominant,PTEN pathogenic variant (germline) + autism + macrocephaly (head circumference Z >+2),"macrocephaly OFC Z>+2 often >+3, autism features, intellectual disability variable, hamartomas, lifetime cancer risk (breast, thyroid, endometrial, skin)",infancy via macrocephaly; cancer surveillance starting adolescence,PHE-0005,substantial subset of PTEN+macrocephaly cases meet autism criteria,standard cancer surveillance from adolescence onward — Cleveland Clinic PHTS protocol,medical geneticist + oncology cancer surveillance + developmental pediatrician,15805158,,1,active,2026-04-30,Butler 2005 J Med Genet — PTEN germline mutations in autism + extreme macrocephaly subset. PHE-0005 mTOR-pathway syndromic.
RSG-0006,Phelan-McDermid syndrome (22q13.3 deletion),SHANK3 / 22q13.3 deletion or pathogenic SHANK3 variant,typically de novo (deletion or point mutation),22q13.3 deletion encompassing SHANK3 OR isolated pathogenic SHANK3 variant,"severe intellectual disability, absent or severely delayed speech, autism features ~84%, neonatal hypotonia, dysmorphic features, increased pain tolerance, sleep disturbance",infancy via hypotonia and developmental delay,phelan_mcdermid_specific,~84% meet autism criteria,severe phenotype; standard autism behavioral interventions calibrated for higher-functioning autism may be poorly matched,Phelan-McDermid Syndrome Foundation network + medical geneticist + developmental pediatrician,32546186,,1,active,2026-04-30,Goodspeed 2020 Orphanet J Rare Dis — Phelan-McDermid Syndrome Foundation 2018 international conference findings. Distinct severe-phenotype trajectory.
RSG-0007,Angelman syndrome,UBE3A / 15q11-q13 maternal deletion or imprinting defect or paternal UPD,imprinted (maternal expression of UBE3A required),maternal 15q11-q13 deletion OR maternal UBE3A pathogenic variant OR imprinting defect OR paternal UPD15,"severe intellectual disability, virtually absent speech, ataxic gait, characteristic happy demeanor with frequent laughter, microcephaly, epilepsy ~80%, sleep disturbance",6-12 months via developmental delay; characteristic features by 1-3 years,angelman_specific,substantial overlap with autism criteria but distinct trajectory,anti-epileptic regimen requires specialist guidance (some agents worsen Angelman seizures); behavioral interventions calibrated for severe ID,Angelman Syndrome Foundation network + neurology + medical geneticist,16470747,,1,active,2026-04-30,Williams 2006 Am J Med Genet A — updated consensus diagnostic criteria for Angelman syndrome 2005.
RSG-0008,Smith-Magenis syndrome,RAI1 17p11.2,typically de novo deletion or RAI1 variant,17p11.2 deletion encompassing RAI1 OR pathogenic RAI1 variant,"intellectual disability, characteristic behavioral phenotype (self-injury especially nail-yanking and head-banging, hyperactivity, sleep disturbance with inverted melatonin rhythm), distinctive facial features",toddler to early childhood via behavioral phenotype,smith_magenis_specific,behavioral phenotype overlaps with autism but inverted melatonin rhythm is distinctive,melatonin therapy (counterintuitive in Smith-Magenis given inverted rhythm) requires specialist supervision,medical geneticist + sleep specialist + behavioral pediatrician,1746552,,1,active,2026-04-30,Greenberg 1991 Am J Hum Genet — original molecular characterization of Smith-Magenis 17p11.2 deletion.
RSG-0009,Williams syndrome,7q11.23 deletion (incl. ELN),typically de novo,7q11.23 microdeletion ~1.55-1.84 Mb encompassing ELN,"characteristic elfin facial features, supravalvular aortic stenosis, hypercalcemia infancy, intellectual disability mild-moderate, hypersociable phenotype with strangers, anxiety, hyperacusis",infancy via cardiac findings or facial features,williams_specific,paradoxically autism features can co-occur despite hypersociable phenotype; ~7-15% meet autism criteria,cardiac surveillance for SVAS; calcium monitoring; standard hypersociability does NOT mean absence of social-communication difficulties,Williams Syndrome Association network + cardiology + medical geneticist,7693128,,1,active,2026-04-30,Ewart 1993 Nat Genet — ELN hemizygosity in Williams syndrome 7q11.23.
RSG-0010,22q11.2 deletion syndrome (DiGeorge / velocardiofacial),22q11.2 typically 3 Mb deletion; nested 1.5 Mb in subset,typically de novo; ~10% inherited,22q11.2 deletion (3 Mb typical or 1.5 Mb nested),"cardiac defects (conotruncal especially TOF, IAA), palatal abnormalities, immune deficiency thymic hypoplasia, hypocalcemia, intellectual disability variable, autism features ~10-20%, schizophrenia risk ~25% lifetime",infancy via cardiac findings or hypocalcemia or palatal cleft,22q11_specific,~10-20% meet autism criteria; substantial schizophrenia risk in adolescence/adulthood,live-virus vaccine caution if T-cell deficiency; calcium monitoring; psychiatric surveillance for emerging psychosis from adolescence,22q11.2 Society network + cardiology + immunology + endocrinology + psychiatry,31174463,,1,active,2026-04-30,Motahari 2019 J Neurodev Disord — comprehensive review of genes deleted in 22q11.2 deletion and their neurodevelopmental contributions. Multi-system phenotype distinct from idiopathic autism.
RSG-0011,16p11.2 deletion syndrome,16p11.2 ~600 kb deletion (BP4-BP5),"~75% de novo, ~25% inherited",16p11.2 BP4-BP5 deletion ~600 kb,"developmental delay, intellectual disability mild-moderate, autism features ~20%, obesity and macrocephaly tendency, speech-language disorder, scoliosis subset",toddler via developmental delay,16p11_specific,~20% meet autism criteria; one of the strongest single CNV-autism associations,weight monitoring (obesity tendency); standard early-intervention applies,medical geneticist + developmental pediatrician,18184952,,1,active,2026-04-30,Weiss 2008 N Engl J Med — landmark paper showing 16p11.2 deletion AND duplication associated with autism. Foundational 16p11.2-autism link.
RSG-0012,1q21.1 deletion / duplication syndrome,1q21.1 ~1.35 Mb deletion or duplication,variable inheritance with reduced penetrance,1q21.1 deletion or duplication ~1.35 Mb,"variable phenotype — microcephaly (deletion) or macrocephaly (duplication), intellectual disability variable, autism features subset, congenital heart defects subset, schizophrenia risk in adulthood",variable; often early childhood via developmental delay,1q21_specific,"variable, autism features in subset",cardiac evaluation; psychiatric surveillance,medical geneticist + cardiology,18784092,,1,active,2026-04-30,Mefford 2008 N Engl J Med — recurrent 1q21.1 rearrangements with variable pediatric phenotypes including autism. Reduced-penetrance CNV.
RSG-0013,Cornelia de Lange syndrome (CdLS),"NIPBL (most common); SMC1A, SMC3, RAD21, HDAC8 (cohesinopathy)","autosomal dominant typically de novo (NIPBL); X-linked (SMC1A, HDAC8)","pathogenic variant in NIPBL, SMC1A, SMC3, RAD21, or HDAC8","distinctive facial features (synophrys, long eyelashes, anteverted nares, thin upper lip), pre/postnatal growth retardation, limb anomalies (severe limb reduction in NIPBL), intellectual disability, autism features",prenatal or birth via facial features and limb anomalies,cdls_specific,substantial overlap with autism behavioral profile,GERD common requires aggressive management; growth and feeding specialist,CdLS Foundation + medical geneticist + GI + ortho,15146185,,1,active,2026-04-30,Tonkin 2004 Nat Genet — NIPBL homolog of fungal Scc2 cohesin loader as cause of Cornelia de Lange syndrome.
RSG-0014,CHARGE syndrome,CHD7 8q12.2,autosomal dominant typically de novo,pathogenic CHD7 variant,"Coloboma, Heart defects, Atresia choanae, Retardation of growth/development, Genital hypoplasia, Ear anomalies; autism features ~50% in subset","birth via coloboma, choanal atresia, cardiac anomalies",charge_specific,~50% in some cohorts,"airway management, sensory deficits (vision/hearing) require accommodation; standard autism behavioral interventions adapted for sensory issues",CHARGE Syndrome Foundation + ENT + ophthalmology + cardiology,15300250,,1,active,2026-04-30,Vissers 2004 Nat Genet — CHD7 chromodomain helicase as CHARGE cause.
RSG-0015,Kleefstra syndrome,EHMT1 9q34.3,autosomal dominant typically de novo,9q34.3 deletion or pathogenic EHMT1 variant,"intellectual disability, distinctive facial features (brachycephaly, synophrys, anteverted nares), hypotonia, autism features, congenital heart defects subset, severe speech delay",infancy via hypotonia and developmental delay,kleefstra_specific,substantial autism feature overlap,cardiac evaluation; standard developmental support,medical geneticist + cardiology + developmental pediatrician,16826528,,1,active,2026-04-30,Kleefstra 2006 Am J Hum Genet — EHMT1 loss-of-function as cause of 9q34.3 microdeletion / Kleefstra syndrome.
RSG-0016,KBG syndrome,ANKRD11 16q24.3,autosomal dominant,pathogenic ANKRD11 variant or 16q24.3 deletion,"intellectual disability mild-moderate, macrodontia of upper central incisors, distinctive facial features, short stature, skeletal anomalies, autism features subset",childhood via dental and facial features,kbg_specific,subset meet autism criteria,dental specialist due to macrodontia; orthopedic surveillance,medical geneticist + dentistry + orthopedics,21782149,,1,active,2026-04-30,Sirmaci 2011 Am J Hum Genet — ANKRD11 mutations as cause of KBG syndrome.
RSG-0017,Coffin-Siris syndrome,"ARID1B (most common); ARID1A, SMARCB1, SMARCA4, SMARCE1 (BAF complex)",autosomal dominant typically de novo,pathogenic variant in ARID1B or other SWI/SNF / BAF complex gene,"intellectual disability variable, hypoplastic / absent fifth fingernails or toenails, coarse facial features, feeding difficulties, growth delay, autism features",infancy via hypoplastic distal nails and feeding issues,coffin_siris_specific,subset meet autism criteria,feeding specialist for early infancy,medical geneticist + GI + feeding therapy,22426308,,1,active,2026-04-30,Tsurusaki 2012 Nat Genet — SWI/SNF complex mutations in Coffin-Siris syndrome. ARID1B is most common.
RSG-0018,CDKL5 deficiency disorder (atypical Rett-like),CDKL5 Xp22.13,X-linked dominant typically de novo,pathogenic CDKL5 variant,"early-onset refractory epilepsy (often in first months), severe intellectual disability, hand stereotypies, Rett-like phenotype but earlier seizure onset, autism features",infancy via early seizures,cdkl5_specific,severe ID overlaps with autism features but distinct trajectory,refractory epilepsy management challenging; ketogenic diet sometimes effective,International Foundation for CDKL5 Research + epilepsy specialist + medical geneticist,15499549,,1,active,2026-04-30,Tao 2004 Am J Hum Genet — CDKL5/STK9 mutations as cause of X-linked infantile spasms with atypical Rett features.
RSG-0019,FOXG1 syndrome (congenital Rett variant),FOXG1 14q12,autosomal dominant typically de novo,pathogenic FOXG1 variant or 14q12 deletion,"postnatal microcephaly, severe intellectual disability, congenital onset (no normal development period unlike classical Rett), corpus callosum agenesis subset, dyskinetic movements, epilepsy",infancy via microcephaly and severe delay,foxg1_specific,severe ID; autism features overlap but distinct trajectory,distinct management from classical Rett; epilepsy specialist,FOXG1 Research Foundation + neurology + medical geneticist,18571142,,1,active,2026-04-30,Ariani 2008 Am J Hum Genet — FOXG1 mutations as cause of congenital Rett-variant. Distinct from classical Rett (no period of normal development).
RSG-0020,Schinzel-Giedion syndrome,SETBP1 18q12.3,autosomal dominant de novo,pathogenic SETBP1 variant (recurrent residues),"severe intellectual disability, distinctive facial features (midface retraction, prominent forehead), refractory seizures, multiple skeletal anomalies, hydronephrosis, neuroepithelial tumors risk, often early lethality",birth via distinctive facial features,schinzel_giedion_specific,severe ID; autism features overlap,tumor surveillance; goals-of-care discussions given short life expectancy,palliative care + neurology + nephrology + medical geneticist,20436468,,1,active,2026-04-30,Hoischen 2010 Nat Genet — de novo SETBP1 mutations as cause of Schinzel-Giedion syndrome.
RSG-0021,MEF2C haploinsufficiency syndrome,MEF2C 5q14.3,autosomal dominant de novo,pathogenic MEF2C variant or 5q14.3 microdeletion,"severe intellectual disability, absent speech, epilepsy, autism features, stereotypic movements, hypotonia",infancy via developmental delay,mef2c_specific,substantial autism feature overlap,epilepsy management; AAC for absent speech,neurology + speech therapy + medical geneticist,19592390,,1,active,2026-04-30,Le Meur 2010 J Med Genet — MEF2C haploinsufficiency from 5q14.3 microdeletion or point mutation as severe ID + autism cause.
RSG-0022,GRIN2B-related neurodevelopmental disorder,GRIN2B 12p13.1,autosomal dominant de novo,pathogenic GRIN2B variant,"intellectual disability variable, autism features, epilepsy subset, movement disorders, NMDA receptor dysfunction",childhood via developmental delay,grin2b_specific,subset meet autism criteria; overlaps with PHE-0007 GABA/Cl⁻ E:I imbalance phenotype mechanistically,NMDA receptor pharmacology may be relevant; epilepsy management,neurology + medical geneticist,20890276,,1,active,2026-04-30,Endele 2010 Nat Genet — GRIN2A and GRIN2B NMDA receptor subunit mutations as ID cause. Mechanistically relevant to E:I imbalance phenotype.
RSG-0023,SHANK3-related autism (isolated SHANK3 variant without 22q13 deletion),SHANK3 22q13.3,typically de novo,pathogenic SHANK3 variant (without larger 22q13 deletion = distinguishes from full Phelan-McDermid),"intellectual disability, autism features, speech delay, motor delay, less severe than full Phelan-McDermid deletion",childhood via developmental delay,shank3_isolated_specific,substantial autism feature overlap,standard early intervention,medical geneticist + developmental pediatrician,17173049,,1,active,2026-04-30,Durand 2007 Nat Genet — SHANK3 mutations directly causing autism without full 22q13 deletion. Foundational synaptic-scaffold autism gene.
RSG-0024,NRXN1-related neurodevelopmental disorder,NRXN1 2p16.3,typically de novo deletion or pathogenic variant; some inherited,NRXN1 deletion or pathogenic variant,"intellectual disability variable, autism features, schizophrenia risk, epilepsy subset, language delay",childhood,nrxn1_specific,substantial overlap; NRXN1 is high-confidence SFARI gene,psychiatric surveillance for emerging psychosis in adolescence/adulthood,medical geneticist + psychiatry surveillance,18179900,,1,active,2026-04-30,Kim 2008 Am J Hum Genet — NRXN1 disruption in autism. Synaptic adhesion molecule.
RSG-0025,CNTNAP2-related cortical dysplasia-focal epilepsy syndrome (CDFE),CNTNAP2 7q35-q36.1,autosomal recessive (homozygous founder mutation in Old Order Amish),biallelic pathogenic CNTNAP2 variants,"cortical dysplasia, focal epilepsy, language regression, intellectual disability, autism features in ~70% in original Amish cohort",early childhood via seizures and regression,cntnap2_specific,~70% in original cohort; lower in heterozygous variants,epilepsy specialist; some surgical options for refractory cases,neurology + medical geneticist,16571880,,1,active,2026-04-30,Strauss 2006 N Engl J Med — recessive CNTNAP2 mutation in Old Order Amish cortical dysplasia-focal epilepsy syndrome with autism. Foundational autism-language gene paper.
RSG-0026,CHD8-related neurodevelopmental disorder,CHD8 14q11.2,autosomal dominant de novo,pathogenic CHD8 variant,"macrocephaly, autism features, intellectual disability variable, distinctive facial features, GI symptoms (constipation), sleep disturbance",childhood via macrocephaly and autism features,chd8_specific,~85% meet autism criteria — one of highest-penetrance autism genes,GI evaluation for chronic constipation; sleep specialist,medical geneticist + GI + developmental pediatrician,23160955,,1,active,2026-04-30,O'Roak 2012 Science — multiplex targeted sequencing identified CHD8 as recurrently mutated autism gene. Highest-confidence SFARI autism gene category.
RSG-0027,ADNP syndrome (Helsmoortel-Van der Aa syndrome),ADNP 20q13.13,autosomal dominant de novo,pathogenic ADNP variant,"intellectual disability, autism features, distinctive facial features, hypotonia, primary tooth eruption early, short stature, cardiac defects subset",childhood via developmental delay and facial features,adnp_specific,substantial autism feature overlap,dental specialist for early eruption; cardiac evaluation,ADNP Kids Research Foundation + medical geneticist + developmental pediatrician,24531329,,1,active,2026-04-30,Helsmoortel 2014 Nat Genet — ADNP de novo mutations as SWI/SNF-related autism syndrome.
RSG-0028,SCN2A-related neurodevelopmental disorder,SCN2A 2q24.3,autosomal dominant de novo,pathogenic SCN2A variant,spectrum from benign familial neonatal-infantile seizures to severe early-infantile epileptic encephalopathy with autism + intellectual disability; specific variant determines severity,infancy via seizures or developmental delay,scn2a_specific,variable; subset with severe phenotype meet autism criteria,"sodium channel blockers (carbamazepine, phenytoin) may help loss-of-function variants but worsen gain-of-function; genotype-guided AED selection critical",epilepsy genetics specialist + medical geneticist,22495306,,1,active,2026-04-30,Sanders 2012 Nature — de novo SCN2A mutations strongly associated with autism. Genotype-guided AED selection makes this clinically actionable.
RSG-0029,SYNGAP1-related intellectual disability (MRD5),SYNGAP1 6p21.32,autosomal dominant de novo,pathogenic SYNGAP1 variant,"intellectual disability, epilepsy ~85%, autism features ~50%, language delay, GI issues",childhood via seizures or developmental delay,syngap1_specific,~50% meet autism criteria,epilepsy management; emerging targeted therapies in trials,SYNGAP Research Fund + epilepsy specialist + medical geneticist,19196676,,1,active,2026-04-30,Hamdan 2009 N Engl J Med — SYNGAP1 mutations as nonsyndromic ID cause. Excitatory synaptic GTPase activator.
RSG-0030,Mowat-Wilson syndrome,ZEB2 (formerly ZFHX1B / SIP1) 2q22.3,autosomal dominant de novo,pathogenic ZEB2 variant,"distinctive facial features, intellectual disability, Hirschsprung disease ~50%, microcephaly, epilepsy, congenital heart defects, autism features",infancy via Hirschsprung and dysmorphic features,mowat_wilson_specific,substantial autism feature overlap,GI surgical management for Hirschsprung; cardiac evaluation,medical geneticist + GI surgery + cardiology,11592033,,1,active,2026-04-30,Yamada 2001 Am J Hum Genet — ZFHX1B / ZEB2 nonsense and frameshift mutations as Mowat-Wilson cause.
RSG-0031,Phenylketonuria (PKU) — untreated or poorly-controlled,PAH 12q23.2,autosomal recessive,biallelic pathogenic PAH variants AND inadequate Phe-restricted diet adherence,"in untreated cases — severe intellectual disability, autism features, seizures, eczema, musty body odor, hypopigmentation; treated cases nearly normal cognition with strict diet",newborn screening should catch all cases in developed-world settings,pku_specific,substantial in untreated cases; very low in well-treated cases,strict Phe-restricted diet for life is the intervention; aspartame contraindicated,metabolic specialist + dietician,12757360,,1,active,2026-04-30,Baieli 2003 J Autism Dev Disord — autism and phenylketonuria. Untreated PKU mimics autism; primary intervention is diet. Newborn screening usually catches.
RSG-0032,Smith-Lemli-Opitz syndrome (SLOS),DHCR7 11q13.4,autosomal recessive,biallelic pathogenic DHCR7 variants AND elevated 7-dehydrocholesterol on metabolic panel,"intellectual disability, distinctive facial features, syndactyly of 2-3 toes, autism features ~50-75%, growth retardation, photosensitivity, low cholesterol",infancy via dysmorphic features and biochemical screening,slos_specific,~50-75% meet autism criteria,cholesterol supplementation is the disease-specific intervention; photoprotection,metabolic specialist + medical geneticist + dermatology,11223857,,1,active,2026-04-30,Tierney 2001 Am J Med Genet — behavioral phenotype of Smith-Lemli-Opitz including autism features. DHCR7 deficiency in cholesterol biosynthesis.
RSG-0033,MELAS / mtDNA m.3243A>G mitochondrial syndrome,MT-TL1 m.3243A>G (tRNA-Leu),maternal mitochondrial,m.3243A>G heteroplasmy ≥10-15% in blood (higher in muscle/CSF),"variable phenotype with heteroplasmy load — mitochondrial encephalomyopathy, lactic acidosis, stroke-like episodes (MELAS), diabetes, hearing loss, autism features in subset",variable — childhood through adulthood,PHE-0002,subset of high-heteroplasmy childhood-onset cases,"mitochondrial cocktail (CoQ10, L-carnitine, B-vitamins, riboflavin); avoid mito-toxic drugs (valproate, statins, fluoroquinolones, halogenated anesthetics)",mitochondrial specialist + medical geneticist + neurology,2102678,,1,active,2026-04-30,Goto 1990 Nature — original m.3243A>G tRNA-Leu mutation in MELAS. Hannah-Poling-relevant mitochondrial-vulnerability subset.
RSG-0034,NARP / Leigh syndrome (mtDNA m.8993T>G),MT-ATP6 m.8993T>G or m.8993T>C,maternal mitochondrial,m.8993 heteroplasmy — high (>70%) → Leigh syndrome; intermediate (30-70%) → NARP,"NARP — neurogenic muscle weakness, ataxia, retinitis pigmentosa; Leigh — subacute necrotizing encephalomyelopathy, dystonia, brainstem involvement; both can include autism features in childhood-onset cases",variable — infancy (Leigh) to adulthood (NARP),PHE-0002,subset of intermediate-heteroplasmy childhood cases,mitochondrial cocktail; avoid mito-toxic drugs as for MELAS,mitochondrial specialist + medical geneticist + neurology,2137962,,1,active,2026-04-30,Holt 1990 Am J Hum Genet — original m.8993 mtDNA mutation as NARP/Leigh cause. Heteroplasmy-dose-dependent phenotype.
RSG-0035,MERRF (myoclonic epilepsy with ragged-red fibers),MT-TK m.8344A>G (tRNA-Lys),maternal mitochondrial,m.8344A>G heteroplasmy ≥5-10% in blood,"myoclonic epilepsy, cerebellar ataxia, ragged-red fibers on muscle biopsy, hearing loss, dementia, autism features in subset",childhood to adulthood,PHE-0002,subset of childhood-onset cases,mitochondrial cocktail; avoid mito-toxic drugs,mitochondrial specialist + medical geneticist + neurology,2112427,,1,active,2026-04-30,Shoffner 1990 Cell — m.8344A>G tRNA-Lys as MERRF cause.
RSG-0036,Cohen syndrome,VPS13B (formerly COH1) 8q22.2,autosomal recessive,biallelic pathogenic VPS13B variants,"developmental delay, intellectual disability, microcephaly, distinctive facial features (high-arched palate, prominent central incisors), retinal dystrophy, neutropenia (truncal obesity in older), joint hypermobility",childhood via developmental delay and facial features,cohen_specific,substantial autism feature overlap,ophthalmology surveillance for retinal dystrophy; CBC monitoring for neutropenia,medical geneticist + ophthalmology + hematology,15141358,,1,active,2026-04-30,Kolehmainen 2004 Am J Hum Genet — large-scale genotype-phenotype delineation of Cohen syndrome.
